INSERT INTO java3ws.roles(id, name) VALUES (1, 'ROLE_USER');
INSERT INTO java3ws.roles(id, name) VALUES (2, 'ROLE_ADMIN');
INSERT INTO java3ws.users(id, created_at, updated_at, address, city, country, email, name, password, surname, username, zip) VALUES (1, ' 2018-09-20 20:18:54', ' 2018-09-20 20:18:54', 'Ulica bb', 'Zagreb', 'Hrvatska', 'pero@java3ws.com', 'Pero', '$2a$10$RQVDA1b.LDqhaj7SyikTWOnlX6D1uyF.I1EozUM7ApYLkeAOW6bhC', 'Perić', 'peric', 49210)
INSERT INTO java3ws.users(id, created_at, updated_at, address, city, country, email, name, password, surname, username, zip) VALUES (2, ' 2018-09-20 20:18:55', ' 2018-09-20 20:18:55', 'Ulica bb', 'Zagreb', 'Hrvatska', 'hrvoje@java3ws.com', 'Hrvoje', '$2a$10$RQVDA1b.LDqhaj7SyikTWOnlX6D1uyF.I1EozUM7ApYLkeAOW6bhC', 'Horvat', 'horvat', 10000)
INSERT INTO java3ws.user_roles(user_id, role_id) VALUES (1, 1);
INSERT INTO java3ws.user_roles(user_id, role_id) VALUES (1, 2);
INSERT INTO java3ws.user_roles(user_id, role_id) VALUES (2, 1);
INSERT INTO java3ws.categories (id, created_at, updated_at, name) VALUES (1, '2018-09-16 18:13:18', '2018-09-16 18:13:18', 'Man');
INSERT INTO java3ws.categories (id, created_at, updated_at, name) VALUES (2, '2018-09-16 18:13:21', '2018-09-16 18:13:21', 'Woman');
INSERT INTO java3ws.categories (id, created_at, updated_at, name) VALUES (3, '2018-09-16 18:13:24', '2018-09-16 18:13:24', 'Unisex');
INSERT INTO java3ws.categories (id, created_at, updated_at, name) VALUES (4, '2018-09-16 18:13:43', '2018-09-16 18:13:43', 'SmartWatch');
INSERT INTO java3ws.categories (id, created_at, updated_at, name) VALUES (5, '2018-09-16 18:13:48', '2018-09-16 18:13:48', 'Analog');
INSERT INTO java3ws.categories (id, created_at, updated_at, name) VALUES (6, '2018-09-16 18:13:52', '2018-09-16 18:13:52', 'Digital');
INSERT INTO java3ws.products (id, created_at, updated_at, descripion, image_url, name, on_stock, price, status) VALUES (1, '2018-09-16 18:36:24', '2018-09-16 18:36:24', 'Apple Watch Series 4 inspires you to live a healthier life by helping you manage everything from everyday stress to calories burned. At the same time. Apple Watch Series 4 regularly monitors your heart throughout the day.', 'https://c1.staticflickr.com/1/486/17872236343_68db2507be_b.jpg', 'Apple Watch', 1200, 29.30, 'Active');
INSERT INTO java3ws.products (id, created_at, updated_at, descripion, image_url, name, on_stock, price, status) VALUES (2, '2018-09-16 18:14:54', '2018-09-16 18:14:54', 'True style never compromises. With the HUAWEI Watch, classic Swiss design meets smart technology to create an enduring timepiece. A superior full circle display offers a window onto the world. A wearable to be worn. The HUAWEI Watch is designed to be part of your look, and part of your life. It pairs with any Android phone and it''s also one of the first watches powered by Android Wear™ to work with iPhone.', 'https://c1.staticflickr.com/5/4524/38301326112_7165585c2a_b.jpg', 'Huawei watch', 7, 50.28, 'Active');
INSERT INTO java3ws.products (id, created_at, updated_at, descripion, image_url, name, on_stock, price, status) VALUES (3, '2018-09-16 18:17:05', '2018-09-16 18:17:05', 'Standalone GPS connectivity gives you the freedom to get away from your phone once in a while. Be guided and motivated by the professional running coach feature. HUAWEI WATCH 2 comes in sports and classic watch styles. Experience the marriage of cutting-edge technology and traditional watch-making, designed to match different styles. Go running or cycling with your favorite workout beats, while guided and motivated by real-time coaching, and have your trail mapped via GPS, all without the burden of a phone.', 'https://c1.staticflickr.com/5/4537/37618191544_d78acf622c_b.jpg', 'Huawei watch 2', 42, 17.62, 'Active');
INSERT INTO java3ws.products (id, created_at, updated_at, descripion, image_url, name, on_stock, price, status) VALUES (4, '2018-09-16 18:28:33', '2018-09-16 18:28:33', 'No matter what your day holds, the Gear S3 is up for the challenge. The Gear S3 frontier is ready for rugged adventure; the Gear S3 classic is modern luxury. Two watches for whatever your life brings. 4G LTE connectivity uses your mobile data plan so you can send texts, get emails, receive notifications and even make calls all without your phone.', 'https://c1.staticflickr.com/5/4260/35054368692_77b6fbd767_b.jpg', 'Gear S3', 23, 21.29, 'Active');
INSERT INTO java3ws.products (id, created_at, updated_at, descripion, image_url, name, on_stock, price, status) VALUES (5, '2018-09-16 18:30:10', '2018-09-16 18:30:10', 'Get motivated to move more, eat better and live a healthy life. The Gear Sport tracks your fitness and diet, keeping you on the right path to reach your goals. Set health and diet goals on your phone and track your progress from your wrist. Gear Sport makes it easy to keep your calories in check and monitor your intake. It also offers tips and insights that you can use to stay on track.', 'https://upload.wikimedia.org/wikipedia/commons/8/88/Smartwatch_Samsung_Gear_S2.jpeg', 'Gear Sport', 4, 31.76, 'Active');
INSERT INTO java3ws.product_category(product_id, category_id) VALUES (1, 1);
INSERT INTO java3ws.product_category(product_id, category_id) VALUES (1, 4);
INSERT INTO java3ws.product_category(product_id, category_id) VALUES (1, 6);
INSERT INTO java3ws.product_category(product_id, category_id) VALUES (2, 3);
INSERT INTO java3ws.product_category(product_id, category_id) VALUES (2, 5);
INSERT INTO java3ws.product_category(product_id, category_id) VALUES (3, 1);
INSERT INTO java3ws.product_category(product_id, category_id) VALUES (3, 2);
INSERT INTO java3ws.product_category(product_id, category_id) VALUES (3, 3);
INSERT INTO java3ws.product_category(product_id, category_id) VALUES (3, 6);
INSERT INTO java3ws.product_category(product_id, category_id) VALUES (4, 5);
INSERT INTO java3ws.product_category(product_id, category_id) VALUES (5, 1);
INSERT INTO java3ws.product_category(product_id, category_id) VALUES (5, 2);
INSERT INTO java3ws.product_category(product_id, category_id) VALUES (5, 3);
INSERT INTO java3ws.product_category(product_id, category_id) VALUES (5, 4);
INSERT INTO java3ws.product_category(product_id, category_id) VALUES (5, 5);